{
"Atlanta, GA: Hartsfield-Jackson Atlanta International": 154,
"Washington, DC: Washington Dulles International": 150,
"Phoenix, AZ: Phoenix Sky Harbor International": 137,
"Orlando, FL: Orlando International": 150,
"Houston, TX: George Bush Intercontinental/Houston": 150,
"Philadelphia, PA: Philadelphia International": 149,
"San Diego, CA: San Diego International": 149,
"Miami, FL: Miami International": 150,
"San Francisco, CA: San Francisco International": 149,
"Chicago, IL: Chicago Midway International": 150,
"Portland, OR: Portland International": 149,
"Las Vegas, NV: McCarran International": 150,
"New York, NY: John F. Kennedy International": 150,
"Los Angeles, CA: Los Angeles International": 150,
"Boston, MA: Logan International": 150,
"New York, NY: LaGuardia": 150,
"Denver, CO: Denver International": 150,
"Chicago, IL: Chicago O'Hare International": 150,
"Tampa, FL: Tampa International": 149,
"Washington, DC: Ronald Reagan Washington National": 150,
"Dallas/Fort Worth, TX: Dallas/Fort Worth International": 150,
"Detroit, MI: Detroit Metro Wayne County": 150,
"Baltimore, MD: Baltimore/Washington International Thurgood Marshall": 150,
"Minneapolis, MN: Minneapolis-St Paul International": 150,
"Charlotte, NC: Charlotte Douglas International": 150,
"Seattle, WA: Seattle/Tacoma International": 149,
"Newark, NJ: Newark Liberty International": 150,
"Fort Lauderdale, FL: Fort Lauderdale-Hollywood International": 150,
"Salt Lake City, UT: Salt Lake City International": 149
}